{
  "anxiety_level": 0.05612440103726057,
  "self_esteem": 0.05698051864480314,
  "mental_health_history": 0.00389528605872232,
  "depression": 0.054606105039174915,
  "headache": 0.03034096589330333,
  "blood_pressure": 0.16454890560177307,
  "sleep_quality": 0.07940305887708207,
  "breathing_problem": 0.01040969143587082,
  "noise_level": 0.013524994229353106,
  "living_conditions": 0.018955409975090536,
  "safety": 0.046075128335760364,
  "basic_needs": 0.06646371820373095,
  "academic_performance": 0.07316619289222052,
  "study_load": 0.01629088605491543,
  "teacher_student_relationship": 0.07868768767381772,
  "future_career_concerns": 0.042940427982164894,
  "social_support": 0.06365325185720062,
  "peer_pressure": 0.0463982998685552,
  "extracurricular_activities": 0.0374512048763034,
  "bullying": 0.04008386546289705
}