{
  "anxiety_level": 0.0390794530305398,
  "self_esteem": 0.04416349673814371,
  "mental_health_history": 0.023377982087595395,
  "depression": 0.037191218639209996,
  "headache": 0.033808856773540424,
  "blood_pressure": 0.058165298025450035,
  "sleep_quality": 0.0401410125281069,
  "breathing_problem": 0.016156675336793398,
  "noise_level": 0.023493535505461002,
  "living_conditions": 0.016289251485954205,
  "safety": 0.033024212721104534,
  "basic_needs": 0.035400511786642164,
  "academic_performance": 0.03904064744844619,
  "study_load": 0.02173716920550927,
  "teacher_student_relationship": 0.03288348406144161,
  "future_career_concerns": 0.03809265377258163,
  "social_support": 0.024745497320472126,
  "peer_pressure": 0.032315253557907306,
  "extracurricular_activities": 0.030224758535549737,
  "bullying": 0.04157941171485636,
  "mental_composite": 0.0718327011027654,
  "physical_health": 0.05473563171594455,
  "academic_stress": 0.0714240360668081,
  "social_wellbeing": 0.07317061464604932,
  "environment_quality": 0.06792663619312667
}